{"cameraMode":{"drawMode":0,"name":"Shaded","section":"Shading Mode"},"sceneLighting":true,"audioPlay":false,"sceneViewState":{"showFog":false,"showMaterialUpdate":false,"showSkybox":true,"showFlares":false,"showImageEffects":false,"showParticleSystems":false},"in2DMode":false,"pivot":{"x":-12.964242935180664,"y":9.211872100830079,"z":21.405508041381837},"rotation":{"x":-0.05686086788773537,"y":-0.7532781362533569,"z":-0.06570236384868622,"w":0.6519415378570557},"size":7.6754069328308109,"orthographic":false}